CREATE DATABASE  IF NOT EXISTS `prj1` /*!40100 DEFAULT CHARACTER SET utf8mb3 */ /*!80016 DEFAULT ENCRYPTION='N' */;
USE `prj1`;
-- MySQL dump 10.13  Distrib 8.0.43, for Win64 (x86_64)
--
-- Host: localhost    Database: prj1
-- ------------------------------------------------------
-- Server version	8.0.43

/*!40101 SET @OLD_CHARACTER_SET_CLIENT=@@CHARACTER_SET_CLIENT */;
/*!40101 SET @OLD_CHARACTER_SET_RESULTS=@@CHARACTER_SET_RESULTS */;
/*!40101 SET @OLD_COLLATION_CONNECTION=@@COLLATION_CONNECTION */;
/*!50503 SET NAMES utf8 */;
/*!40103 SET @OLD_TIME_ZONE=@@TIME_ZONE */;
/*!40103 SET TIME_ZONE='+00:00' */;
/*!40014 SET @OLD_UNIQUE_CHECKS=@@UNIQUE_CHECKS, UNIQUE_CHECKS=0 */;
/*!40014 SET @OLD_FOREIGN_KEY_CHECKS=@@FOREIGN_KEY_CHECKS, FOREIGN_KEY_CHECKS=0 */;
/*!40101 SET @OLD_SQL_MODE=@@SQL_MODE, SQL_MODE='NO_AUTO_VALUE_ON_ZERO' */;
/*!40111 SET @OLD_SQL_NOTES=@@SQL_NOTES, SQL_NOTES=0 */;

--
-- Table structure for table `cartype_tbl`
--

DROP TABLE IF EXISTS `cartype_tbl`;
/*!40101 SET @saved_cs_client     = @@character_set_client */;
/*!50503 SET character_set_client = utf8mb4 */;
CREATE TABLE `cartype_tbl` (
  `cartype_id` int NOT NULL AUTO_INCREMENT,
  `cartype_name` varchar(100) DEFAULT NULL,
  PRIMARY KEY (`cartype_id`)
) ENGINE=InnoDB AUTO_INCREMENT=20 DEFAULT CHARSET=utf8mb3;
/*!40101 SET character_set_client = @saved_cs_client */;

--
-- Dumping data for table `cartype_tbl`
--

LOCK TABLES `cartype_tbl` WRITE;
/*!40000 ALTER TABLE `cartype_tbl` DISABLE KEYS */;
INSERT INTO `cartype_tbl` VALUES (13,'승용차'),(14,'승합차'),(15,'화물차'),(16,'특수차');
/*!40000 ALTER TABLE `cartype_tbl` ENABLE KEYS */;
UNLOCK TABLES;

--
-- Table structure for table `fuel_tbl`
--

DROP TABLE IF EXISTS `fuel_tbl`;
/*!40101 SET @saved_cs_client     = @@character_set_client */;
/*!50503 SET character_set_client = utf8mb4 */;
CREATE TABLE `fuel_tbl` (
  `fuel_id` int NOT NULL AUTO_INCREMENT,
  `fuel_name` varchar(45) DEFAULT NULL,
  PRIMARY KEY (`fuel_id`)
) ENGINE=InnoDB AUTO_INCREMENT=17 DEFAULT CHARSET=utf8mb3;
/*!40101 SET character_set_client = @saved_cs_client */;

--
-- Dumping data for table `fuel_tbl`
--

LOCK TABLES `fuel_tbl` WRITE;
/*!40000 ALTER TABLE `fuel_tbl` DISABLE KEYS */;
INSERT INTO `fuel_tbl` VALUES (9,'CNG'),(10,'수소'),(11,'기타'),(12,'전기'),(13,'하이브리드'),(14,'휘발유'),(15,'LPG'),(16,'경유');
/*!40000 ALTER TABLE `fuel_tbl` ENABLE KEYS */;
UNLOCK TABLES;

--
-- Table structure for table `main_tbl_rawdata`
--

DROP TABLE IF EXISTS `main_tbl_rawdata`;
/*!40101 SET @saved_cs_client     = @@character_set_client */;
/*!50503 SET character_set_client = utf8mb4 */;
CREATE TABLE `main_tbl_rawdata` (
  `main_id` int NOT NULL AUTO_INCREMENT,
  `year` int DEFAULT NULL,
  `amount` bigint DEFAULT NULL,
  `fuel_tbl_fuel_id` int NOT NULL,
  `cartype_tbl_cartype_id` int NOT NULL,
  PRIMARY KEY (`main_id`),
  KEY `fk_main_tbl_rawdata_fuel_tbl_idx` (`fuel_tbl_fuel_id`),
  KEY `fk_main_tbl_rawdata_cartype_tbl1_idx` (`cartype_tbl_cartype_id`),
  CONSTRAINT `fk_main_tbl_rawdata_cartype_tbl1` FOREIGN KEY (`cartype_tbl_cartype_id`) REFERENCES `cartype_tbl` (`cartype_id`),
  CONSTRAINT `fk_main_tbl_rawdata_fuel_tbl` FOREIGN KEY (`fuel_tbl_fuel_id`) REFERENCES `fuel_tbl` (`fuel_id`)
) ENGINE=InnoDB AUTO_INCREMENT=758 DEFAULT CHARSET=utf8mb3;
/*!40101 SET character_set_client = @saved_cs_client */;

--
-- Dumping data for table `main_tbl_rawdata`
--

LOCK TABLES `main_tbl_rawdata` WRITE;
/*!40000 ALTER TABLE `main_tbl_rawdata` DISABLE KEYS */;
INSERT INTO `main_tbl_rawdata` VALUES (247,2015,1599561,14,13),(248,2015,652373,16,13),(249,2015,271852,15,13),(250,2015,1139,12,13),(251,2015,780,9,13),(252,2022,1119,12,14),(253,2015,33896,13,13),(254,2015,1,10,13),(255,2022,7637,9,14),(256,2015,552,11,13),(257,2016,1593968,14,13),(258,2016,697496,16,13),(259,2022,48,13,14),(260,2022,30,10,14),(261,2016,259417,15,13),(262,2022,1259,11,14),(263,2016,1484,12,13),(264,2016,678,9,13),(265,2016,44823,13,13),(266,2023,1293,14,14),(267,2023,67720,16,14),(268,2016,12,10,13),(269,2016,466,11,13),(270,2017,1597418,14,13),(271,2017,728314,16,13),(272,2017,250286,15,13),(273,2023,11972,15,14),(274,2023,1501,12,14),(275,2023,7261,9,14),(276,2023,44,13,14),(277,2023,65,10,14),(278,2023,1211,11,14),(279,2024,1233,14,14),(280,2017,4775,12,13),(281,2024,62546,16,14),(282,2024,11396,15,14),(283,2024,2199,12,14),(284,2024,6652,9,14),(285,2024,234,13,14),(286,2017,617,9,13),(287,2017,59379,13,13),(288,2017,13,10,13),(289,2017,388,11,13),(290,2018,1589567,14,13),(291,2018,744280,16,13),(292,2018,239192,15,13),(293,2018,9507,12,13),(294,2018,597,9,13),(295,2018,75126,13,13),(296,2018,83,10,13),(297,2018,285,11,13),(298,2019,1604962,14,13),(299,2019,727757,16,13),(300,2019,231089,15,13),(301,2024,91,10,14),(302,2019,14232,12,13),(303,2019,510,9,13),(304,2019,91453,13,13),(305,2019,597,10,13),(306,2019,203,11,13),(307,2020,1631306,14,13),(308,2024,1178,11,14),(309,2015,1649,14,15),(310,2015,304235,16,15),(311,2020,722122,16,13),(312,2015,38351,15,15),(313,2020,220302,15,13),(314,2015,2,12,15),(315,2015,472,9,15),(316,2015,3056,11,15),(317,2016,1633,14,15),(318,2020,20763,12,13),(319,2016,302902,16,15),(320,2020,435,9,13),(321,2020,115228,13,13),(322,2020,1662,10,13),(323,2020,166,11,13),(324,2021,1642186,14,13),(325,2021,708501,16,13),(326,2021,209333,15,13),(327,2016,34766,15,15),(328,2021,35227,12,13),(329,2016,4,12,15),(330,2021,384,9,13),(331,2016,461,9,15),(332,2021,141832,13,13),(333,2016,3407,11,15),(334,2021,2436,10,13),(335,2017,1735,14,15),(336,2017,302573,16,15),(337,2017,31366,15,15),(338,2017,19,12,15),(339,2021,145,11,13),(340,2017,447,9,15),(341,2022,1649883,14,13),(342,2017,3781,11,15),(343,2022,689717,16,13),(344,2022,200323,15,13),(345,2018,1827,14,15),(346,2018,302557,16,15),(347,2022,50768,12,13),(348,2022,314,9,13),(349,2022,169702,13,13),(350,2018,28357,15,15),(351,2022,2884,10,13),(352,2018,23,12,15),(353,2022,139,11,13),(354,2018,414,9,15),(355,2018,4063,11,15),(356,2023,1654223,14,13),(357,2019,1933,14,15),(358,2023,657067,16,13),(359,2019,297709,16,15),(360,2023,190100,15,13),(361,2019,25942,15,15),(362,2023,61304,12,13),(363,2019,592,12,15),(364,2023,237,9,13),(365,2019,400,9,15),(366,2019,4264,11,15),(367,2020,2456,14,15),(368,2023,209947,13,13),(369,2020,296124,16,15),(370,2023,3110,10,13),(371,2020,24201,15,15),(372,2023,128,11,13),(373,2020,2228,12,15),(374,2024,1638268,14,13),(375,2024,619097,16,13),(376,2024,180620,15,13),(377,2020,416,9,15),(378,2024,71005,12,13),(379,2020,4518,11,15),(380,2024,184,9,13),(381,2021,2798,14,15),(382,2024,262346,13,13),(383,2021,290800,16,15),(384,2024,3165,10,13),(385,2021,22718,15,15),(386,2024,120,11,13),(387,2021,4787,12,15),(388,2015,1297,14,14),(389,2021,368,9,15),(390,2015,103043,16,14),(391,2021,5,13,15),(392,2021,NULL,10,15),(393,2015,28160,15,14),(394,2015,10,12,14),(395,2015,8737,9,14),(396,2015,31,13,14),(397,2015,649,11,14),(398,2016,1199,14,14),(399,2021,4949,11,15),(400,2016,100355,16,14),(401,2022,3023,14,15),(402,2022,285435,16,15),(403,2022,21324,15,15),(404,2016,23198,15,14),(405,2016,10,12,14),(406,2022,7409,12,15),(407,2016,8712,9,14),(408,2016,52,13,14),(409,2016,783,11,14),(410,2022,325,9,15),(411,2017,1099,14,14),(412,2022,9,13,15),(413,2022,NULL,10,15),(414,2022,5181,11,15),(415,2023,3161,14,15),(416,2023,273447,16,15),(417,2023,20238,15,15),(418,2023,10087,12,15),(419,2023,301,9,15),(420,2023,12,13,15),(421,2017,97003,16,14),(422,2017,19810,15,14),(423,2017,2,12,14),(424,2017,8664,9,14),(425,2023,5,10,15),(426,2023,5339,11,15),(427,2024,3249,14,15),(428,2017,52,13,14),(429,2017,934,11,14),(430,2018,1059,14,14),(431,2018,93190,16,14),(432,2024,257311,16,15),(433,2018,16699,15,14),(434,2024,27887,15,15),(435,2018,33,12,14),(436,2024,10592,12,15),(437,2024,301,9,15),(438,2018,8621,9,14),(439,2024,405,13,15),(440,2018,52,13,14),(441,2024,5,10,15),(442,2018,1,10,14),(443,2024,5250,11,15),(444,2018,1125,11,14),(445,2015,21,14,16),(446,2015,6548,16,16),(447,2015,92,15,16),(448,2019,1002,14,14),(449,2015,3,9,16),(450,2015,78,11,16),(451,2019,88472,16,14),(452,2016,19,14,16),(453,2019,14864,15,14),(454,2019,127,12,14),(455,2019,8529,9,14),(456,2019,52,13,14),(457,2019,2,10,14),(458,2019,1262,11,14),(459,2020,1087,14,14),(460,2020,81554,16,14),(461,2016,6974,16,16),(462,2016,88,15,16),(463,2016,3,9,16),(464,2020,13838,15,14),(465,2016,97,11,16),(466,2017,18,14,16),(467,2017,7349,16,16),(468,2017,84,15,16),(469,2017,1,12,16),(470,2017,3,9,16),(471,2017,126,11,16),(472,2018,18,14,16),(473,2018,7760,16,16),(474,2018,80,15,16),(475,2018,1,12,16),(476,2020,382,12,14),(477,2018,3,9,16),(478,2020,8262,9,14),(479,2018,131,11,16),(480,2019,18,14,16),(481,2019,7982,16,16),(482,2020,52,13,14),(483,2019,82,15,16),(484,2020,9,10,14),(485,2019,1,12,16),(486,2020,1320,11,14),(487,2019,2,9,16),(488,2021,1135,14,14),(489,2019,119,11,16),(490,2021,76372,16,14),(491,2020,18,14,16),(492,2021,12872,15,14),(493,2020,8487,16,16),(494,2021,524,12,14),(495,2020,103,15,16),(496,2021,8134,9,14),(497,2020,20,12,16),(498,2021,52,13,14),(499,2020,1,9,16),(500,2021,9,10,14),(501,2021,1305,11,14),(502,2022,1235,14,14),(503,2020,301,11,16),(504,2022,72352,16,14),(505,2022,12405,15,14),(506,2021,22,14,16),(507,2021,9068,16,16),(508,2021,118,15,16),(509,2021,26,12,16),(510,2021,1,9,16),(511,2021,NULL,13,16),(512,2021,NULL,10,16),(513,2021,636,11,16),(514,2022,24,14,16),(515,2022,9801,16,16),(516,2022,148,15,16),(517,2022,31,12,16),(518,2022,NULL,9,16),(519,2022,NULL,13,16),(520,2022,NULL,10,16),(521,2022,826,11,16),(522,2023,29,14,16),(523,2023,10223,16,16),(524,2023,158,15,16),(525,2023,45,12,16),(526,2023,NULL,9,16),(527,2023,NULL,13,16),(528,2023,NULL,10,16),(529,2023,934,11,16),(530,2024,37,14,16),(531,2024,10246,16,16),(532,2024,248,15,16),(533,2024,72,12,16),(534,2024,NULL,9,16),(535,2024,19,13,16),(536,2024,NULL,10,16),(537,2024,977,11,16);
/*!40000 ALTER TABLE `main_tbl_rawdata` ENABLE KEYS */;
UNLOCK TABLES;
/*!40103 SET TIME_ZONE=@OLD_TIME_ZONE */;

/*!40101 SET SQL_MODE=@OLD_SQL_MODE */;
/*!40014 SET FOREIGN_KEY_CHECKS=@OLD_FOREIGN_KEY_CHECKS */;
/*!40014 SET UNIQUE_CHECKS=@OLD_UNIQUE_CHECKS */;
/*!40101 SET CHARACTER_SET_CLIENT=@OLD_CHARACTER_SET_CLIENT */;
/*!40101 SET CHARACTER_SET_RESULTS=@OLD_CHARACTER_SET_RESULTS */;
/*!40101 SET COLLATION_CONNECTION=@OLD_COLLATION_CONNECTION */;
/*!40111 SET SQL_NOTES=@OLD_SQL_NOTES */;

-- Dump completed on 2025-09-23 20:46:09
